timestamp,log
2025-01-01 00:00:10,Routine check completed. All sensors nominal.
2025-01-01 00:10:30,Minor vibration noise detected near pump A.
2025-01-01 00:10:45,Noticed rising temperature trend in the section.
2025-01-01 00:11:30,Pressure spike observed; operators alerted.
2025-01-01 00:11:45,Noticed rising temperature trend in the section.
2025-01-01 00:12:45,Noticed rising temperature trend in the section.
2025-01-01 00:13:30,Minor vibration noise detected near pump A.
2025-01-01 00:14:30,Pressure spike observed; operators alerted.
2025-01-01 11:10:30,Minor vibration noise detected near pump A.
2025-01-01 11:11:30,Pressure spike observed; operators alerted.
2025-01-01 11:14:30,Minor vibration noise detected near pump A.
2025-01-01 11:15:30,Pressure spike observed; operators alerted.
2025-01-01 12:00:10,Routine check completed. All sensors nominal.
2025-01-02 00:00:10,Routine check completed. All sensors nominal.
2025-01-02 12:00:10,Routine check completed. All sensors nominal.
2025-01-03 00:00:10,Routine check completed. All sensors nominal.
2025-01-03 02:00:30,Minor vibration noise detected near pump A.
2025-01-03 02:01:30,Pressure spike observed; operators alerted.
2025-01-03 02:05:30,Minor vibration noise detected near pump A.
2025-01-03 02:06:30,Pressure spike observed; operators alerted.
2025-01-03 12:00:10,Routine check completed. All sensors nominal.
2025-01-04 00:00:10,Routine check completed. All sensors nominal.
2025-01-04 12:00:10,Routine check completed. All sensors nominal.
2025-01-05 00:00:10,Routine check completed. All sensors nominal.
2025-01-05 12:00:10,Routine check completed. All sensors nominal.
2025-01-06 00:00:10,Routine check completed. All sensors nominal.
2025-01-06 12:00:10,Routine check completed. All sensors nominal.
2025-01-07 00:00:10,Routine check completed. All sensors nominal.
2025-01-07 12:00:10,Routine check completed. All sensors nominal.
2025-01-08 00:00:10,Routine check completed. All sensors nominal.
2025-01-08 12:00:10,Routine check completed. All sensors nominal.
2025-01-09 00:00:10,Routine check completed. All sensors nominal.
2025-01-09 12:00:10,Routine check completed. All sensors nominal.
2025-01-10 00:00:10,Routine check completed. All sensors nominal.
2025-01-10 12:00:10,Routine check completed. All sensors nominal.
2025-01-11 00:00:10,Routine check completed. All sensors nominal.
2025-01-11 12:00:10,Routine check completed. All sensors nominal.
2025-01-12 00:00:10,Routine check completed. All sensors nominal.
2025-01-12 12:00:10,Routine check completed. All sensors nominal.
2025-01-13 00:00:10,Routine check completed. All sensors nominal.
2025-01-13 12:00:10,Routine check completed. All sensors nominal.
2025-01-14 00:00:10,Routine check completed. All sensors nominal.
2025-01-14 12:00:10,Routine check completed. All sensors nominal.
2025-01-14 21:20:30,Minor vibration noise detected near pump A.
2025-01-14 21:21:30,Pressure spike observed; operators alerted.
2025-01-14 21:26:30,Minor vibration noise detected near pump A.
2025-01-14 21:27:30,Pressure spike observed; operators alerted.
2025-01-15 00:00:10,Routine check completed. All sensors nominal.
2025-01-15 12:00:10,Routine check completed. All sensors nominal.
2025-01-16 00:00:10,Routine check completed. All sensors nominal.
2025-01-16 12:00:10,Routine check completed. All sensors nominal.
2025-01-17 00:00:10,Routine check completed. All sensors nominal.
2025-01-17 12:00:10,Routine check completed. All sensors nominal.
2025-01-18 00:00:10,Routine check completed. All sensors nominal.
2025-01-18 12:00:10,Routine check completed. All sensors nominal.
2025-01-19 00:00:10,Routine check completed. All sensors nominal.
2025-01-19 12:00:10,Routine check completed. All sensors nominal.
2025-01-20 00:00:10,Routine check completed. All sensors nominal.
2025-01-20 12:00:10,Routine check completed. All sensors nominal.
2025-01-21 00:00:10,Routine check completed. All sensors nominal.
2025-01-21 12:00:10,Routine check completed. All sensors nominal.
2025-01-22 00:00:10,Routine check completed. All sensors nominal.
2025-01-22 12:00:10,Routine check completed. All sensors nominal.
2025-01-23 00:00:10,Routine check completed. All sensors nominal.
2025-01-23 12:00:10,Routine check completed. All sensors nominal.
2025-01-24 00:00:10,Routine check completed. All sensors nominal.
2025-01-24 12:00:10,Routine check completed. All sensors nominal.
2025-01-25 00:00:10,Routine check completed. All sensors nominal.
2025-01-25 12:00:10,Routine check completed. All sensors nominal.
2025-01-26 00:00:10,Routine check completed. All sensors nominal.
2025-01-26 12:00:10,Routine check completed. All sensors nominal.
2025-01-27 00:00:10,Routine check completed. All sensors nominal.
2025-01-27 12:00:10,Routine check completed. All sensors nominal.
2025-01-28 00:00:10,Routine check completed. All sensors nominal.
2025-01-28 12:00:10,Routine check completed. All sensors nominal.
2025-01-29 00:00:10,Routine check completed. All sensors nominal.
2025-01-29 12:00:10,Routine check completed. All sensors nominal.
2025-01-30 00:00:10,Routine check completed. All sensors nominal.
2025-01-30 12:00:10,Routine check completed. All sensors nominal.
